name,age,country
Neville Hardy,56,Niue
Dacia Cohen,74,Falkland Islands (Malvinas)
Kathey Daniel,10,Slovenia
Mallie Welch,12,Equatorial Guinea
Katia Bryant,14,Ghana
Laurice Robertson,53,Saudi Arabia
Minh Barrett,27,French Southern Territories
Latashia Perez,52,Finland
Elvina Ross,68,New Zealand
Augustus Snyder,20,Jamaica
Elois Cox,65,Paraguay
Jolanda Dixon,14,Ghana
Rutha Young,10,Saint Helena
Waltraud Holland,10,Moldova
Colton Flowers,77,Saint Vincent and the Grenadines
Meri Hawkins,43,Jamaica
Theola Mason,71,Gambia
Antonia Pearson,25,Namibia
Delicia Murray,41,El Salvador
Cicely Harvey,37,Belize
Berry Russell,49,New Caledonia
Lauryn Hubbard,80,Mauritius
Judson Willis,34,Sweden
Junita Meyer,49,Moldova
Apryl Fox,48,Maldives
Dorsey Wheeler,56,Sao Tome and Principe
Cedrick Mitchell,11,Gambia
Jae Duncan,47,Norway
Tesha White,26,Nicaragua
Burl Gilbert,16,Tajikistan
Gianna Montgomery,20,Liechtenstein
Blossom Perry,17,Uzbekistan
Johana Gomez,45,Montenegro
Cleora Banks,58,Isle of Man
Verena Dennis,80,United States of America
Josphine Miller,26,Zimbabwe
Michale Alvarez,39,Fiji
Elois Daniels,26,Peru
Betsey Collins,25,Sao Tome and Principe
Demetrice Hughes,18,Uzbekistan
Edda Steele,42,Saint Lucia
Giuseppe Potter,13,Djibouti
Bradly Fields,16,Bermuda
Sandie Hunter,11,Martinique
Brendon Dunn,13,Dominican Republic
Bertram Hansen,26,Paraguay
Brice Collins,17,Guinea
Gaston Ford,76,Paraguay
Val Quinn,29,Croatia
Arden Robertson,45,Rwanda
Genia Gordon,44,Bolivia
Kam Lawson,60,Andorra
Arminda Bell,15,El Salvador
Lory Austin,76,Samoa
Otha Soto,72,Macao
Brendon Roberts,60,Sierra Leone
Wen Baldwin,47,Macedonia
Broderick Hayes,43,Lesotho
Odis Lyons,14,Bermuda
Arden Dennis,15,Vietnam
Lauryn Lawson,66,Paraguay
Verena Powell,43,Cambodia
Kary Barnett,38,Finland
Loriann Hunt,18,Myanmar
Jacquiline Hines,38,Botswana
Laraine Owen,26,Iceland
Jarred Frank,15,Uruguay
Tyron Morris,30,Wallis and Futuna
Kristofer Roy,74,Japan
Janee Holland,80,Switzerland
Mitchell Rios,73,Albania
Rasheeda Hunter,40,Sao Tome and Principe
Tad Warner,14,Jamaica
Arletha Salazar,31,Eritrea
Brendon Gutierrez,53,Christmas Island
Marget Gross,32,Cayman Islands
Waneta Harvey,51,Germany
Martin Brown,43,Congo
Elisha Adams,43,Cook Islands
Faustino Gonzalez,47,Holy See (Vatican City State)
Maybell Brooks,21,Lithuania
Clarita Jensen,29,Poland
Sanora Stevenson,17,Cyprus
Blossom Doyle,63,Mauritania
Damion White,35,Cambodia
Valentine Cummings,38,Seychelles
Valentine Carroll,25,Belgium
Lexie Garcia,59,Jamaica
Doloris Pearson,72,French Guiana
Coletta Chambers,21,Guadeloupe
Orval Kelly,51,Pakistan
Gwyn Larson,12,Somalia
Assunta Hale,16,Azerbaijan
Blossom Vega,16,Zambia
Raleigh Hanson,66,Isle of Man
Enoch Beck,75,Bahamas
Tai Pope,73,Venezuela
Chery Dean,79,Dominican Republic
Sanora Love,70,Seychelles
Hosea Stephens,21,Wallis and Futuna
Domenic Patterson,13,Angola
Erminia Tucker,60,Iraq
Johna Burgess,45,South Africa
Vella Lucas,14,Bermuda
Ellsworth Newman,21,Finland
Danille Wood,47,Kyrgyz Republic
Raymon Simon,53,Tajikistan
Donn Mullins,77,Falkland Islands (Malvinas)
Lawerence Andrews,36,Hungary
Jacinda Wright,22,Cocos (Keeling) Islands
Kasie Simmons,74,Tanzania
Dyan Mendoza,76,Antigua and Barbuda
Lynwood Morrison,30,Indonesia
Francie Edwards,23,Comoros
Daron Mccormick,72,Mauritius
Hanh Cooper,40,France
Sanora Gill,43,New Zealand
Dee Griffin,27,Switzerland
Cedrick Johnson,49,El Salvador
Rashad Holloway,79,Azerbaijan
Herta Day,57,Cote d'Ivoire
Sung Alvarez,35,Dominican Republic
Clarita Nunez,65,Mexico
Michal Reid,11,Bahrain
Shavonne Rose,22,Guinea
Sherika Chapman,39,United States of America
Sol Gomez,25,Mongolia
Ute Franklin,12,Qatar
Arletha Ortega,70,Myanmar
Granville Garrett,44,Saint Helena
Jeramy Francis,65,Montserrat
Johnson Reyes,33,Argentina
Chung Lyons,65,Central African Republic
Marcellus Rice,40,Togo
Devorah Banks,78,Hungary
Cristen Chavez,41,Slovakia (Slovak Republic)
Hyman Tyler,60,Iceland
Margert Graves,41,El Salvador
Gino Dennis,40,Nicaragua
Geraldo Russell,13,Slovenia
Leandro Burke,79,Malaysia
Rey Medina,27,Togo
Marlen Marshall,73,Monaco
Claud Swanson,76,Timor-Leste
Wilber Welch,54,Trinidad and Tobago
Mikel Goodwin,34,United States Minor Outlying Islands
Rudy Zimmerman,38,Lao People's Democratic Republic
Kristel Wilson,61,Cameroon
Yung Leonard,78,Madagascar
Kelle Nelson,49,Bahrain
Betsey Jimenez,32,Bhutan
Marcelo Walker,67,Rwanda
Betsey Morris,13,Cook Islands
Chang Saunders,20,United Arab Emirates
Elois King,45,Tajikistan
Kristel Curry,27,Svalbard & Jan Mayen Islands
Darby Hamilton,59,Comoros
Donya Rhodes,34,Mauritius
Narcisa Martinez,33,Venezuela
Latrisha Diaz,56,Belgium
Dillon Tyler,24,Somalia
Edison Harrison,13,Monaco
Mose Mcbride,64,Malta
Chau Bishop,29,Bulgaria
Marceline Stone,27,Sudan
Rueben Mason,25,Belize
Margareta Townsend,34,Papua New Guinea
Blossom Christensen,21,Costa Rica
Arnoldo Barber,12,Tajikistan
Miquel Cobb,49,Sri Lanka
Alishia Mullins,50,Netherlands Antilles
Glennie Graham,33,Jersey
Rudolf Terry,32,Virgin Islands, British
Arletha Dawson,22,Bosnia and Herzegovina
Evan Frazier,59,Japan
Karl Klein,75,Colombia
Kasie Manning,50,Italy
Arnoldo Guerrero,68,Niger
Usha Morgan,10,Guatemala
Jolanda Luca,65,Belarus
Alix Johnston,79,Panama
Criselda Hall,75,Bulgaria
Hassan Schwartz,61,Mozambique
Rueben Hunter,41,Holy See (Vatican City State)
Mitzie Steele,49,Tajikistan
Ching Francis,17,Morocco
Faustino Wilson,48,Botswana
Hanh Sutton,49,Niger
Paris Gomez,10,Philippines
Latina Sullivan,58,Lao People's Democratic Republic
Pandora Haynes,65,Tonga
Hyman Adams,51,Malta
Mac Kelly,50,Sudan
Mohamed Rice,29,Trinidad and Tobago
Jewel Thornton,34,Peru
Melvin Harvey,54,Pitcairn Islands
Jae Roberts,74,Bhutan
Shad Carpenter,44,Saint Kitts and Nevis
Otha Reyes,16,Bouvet Island (Bouvetoya)
Donn Jenkins,64,Mauritius
Gennie Craig,31,Reunion
Gennie Martin,33,Azerbaijan
Kory Fleming,29,Guam
Chet Houston,78,Falkland Islands (Malvinas)
Leighann Jackson,23,Eritrea
Dewitt Reid,64,Portugal
Floretta Clark,18,Ghana
Elisha Mitchell,15,Cape Verde
Veola Rhodes,28,Christmas Island
Annalee Fisher,37,Solomon Islands
Annett Erickson,61,Greece
Darell King,19,Norfolk Island
Becki Chandler,17,Timor-Leste
Deangelo Nelson,45,United States of America
Roselle Flowers,55,Australia
Karyl Todd,44,Cambodia
Denese Lopez,33,Djibouti
Samual Shaw,79,Tuvalu
Cortez Terry,55,Ghana
Jadwiga Ellis,80,Mongolia
Walker Harmon,10,Ireland
Jann Holt,15,Singapore
Danuta Black,42,Brunei Darussalam
Leandro Mclaughlin,39,Saint Barthelemy
Samual Zimmerman,52,New Zealand
Olen Carr,48,Turkmenistan
Samual Stephens,65,France
Theo Perez,44,Bosnia and Herzegovina
Isa Hampton,34,France
Theola Moran,37,Martinique
Marget Herrera,45,Uganda
Tomiko Norman,62,Comoros
Rasheeda Hunt,42,Palestinian Territory
Inocencia Goodwin,15,Cuba
Luise Owen,66,Lesotho
Wei Mason,11,Equatorial Guinea
Erinn Foster,52,Lithuania
Karleen Webb,43,New Caledonia
Jewell Boyd,79,Cayman Islands
Annett Lindsey,40,United States of America
Devorah Graves,41,Virgin Islands, British
Noriko Hernandez,48,Jersey
Rhett Freeman,21,Ukraine
Trang Doyle,14,New Caledonia
Florencio Powell,72,Czech Republic
Wonda Jones,15,Moldova
Herta Bowman,31,Tokelau
Loida Fernandez,71,Jordan
Jamey Kelley,51,Armenia
Tyron Carr,25,Latvia
Milagro Carpenter,68,Saint Pierre and Miquelon
Shaunda Floyd,44,Antarctica (the territory South of 60 deg S)
Minda Hodges,25,Eritrea
Jefferey Munoz,66,Nepal
Jenice Buchanan,70,France
Douglass Peterson,59,Greece
Mana Mccormick,35,Chad
Lawanna Hayes,28,New Caledonia
Huey Carlson,72,Serbia
Wen Holmes,69,United Arab Emirates
Walker Freeman,26,Bahrain
Florencio Lane,49,Dominican Republic
Karl Meyer,13,Turkmenistan
Tesha Guerrero,75,Mozambique
Obdulia Estrada,57,Cook Islands
Domenic Anderson,59,Cote d'Ivoire
Gayle Hayes,42,Bermuda
Latrisha Jensen,78,Liberia
Stanford Conner,39,Algeria
Mireille Hayes,31,Georgia
Clarita Martinez,39,Mayotte
Angele Estrada,78,Dominican Republic
Geraldo Willis,28,Brazil
Fausto Reed,62,Saint Pierre and Miquelon
Aleshia Vasquez,20,Gibraltar
Mac Hall,33,Turkey
Annice Jones,40,British Indian Ocean Territory (Chagos Archipelago)
Alonso Pratt,33,New Zealand
Lauren Reeves,34,Germany
Emerald Mills,67,Macedonia
Chong Bell,35,Slovenia
Ellsworth Shelton,46,Western Sahara
Virgilio Collins,15,Holy See (Vatican City State)
Danyell Keller,47,Tuvalu
Dannie Becker,43,China
Fredric Mendoza,19,Greenland
Kristel Terry,35,Democratic People's Republic of Korea
Delena Freeman,43,Austria
Francie Malone,60,Cocos (Keeling) Islands
Shavonne Washington,62,Thailand
Gianna Nguyen,70,Mayotte
Ardell Adams,66,Montenegro
Danille Mason,63,Italy
Karine Santos,41,Argentina
Shavonne Mccarthy,56,Belarus
Coralee Padilla,46,Malawi
Josiah Evans,80,Niger
Quinn Harrison,72,Turks and Caicos Islands
Shemeka Lee,40,Guam
Alec Byrd,56,Thailand
Sheilah Burgess,20,Portugal
Isis Padilla,19,Christmas Island
Raylene Logan,46,Israel
Lisbeth Richardson,36,Svalbard & Jan Mayen Islands
Granville Gill,23,Antigua and Barbuda
Shawnna Stevenson,53,Italy
Thora Miles,17,Panama
Graig Gardner,36,Singapore
Wilton Munoz,72,Anguilla
Chet Cobb,56,Mali
Brynn Evans,46,Guam
Whitney Pratt,23,Saint Barthelemy
Jannet Bennett,16,Haiti
Prince Schneider,79,Cape Verde
Ellsworth Mann,53,Netherlands
Val Curtis,39,Netherlands Antilles
Carmon Lopez,47,Cambodia
Jefferey Ramsey,51,Sri Lanka
Antione Gordon,40,Haiti
Lyndon Perry,61,Albania
Brinda Walker,18,India
Chauncey Reed,14,Iran
Mose Mccoy,55,Portugal
Dorie Salazar,28,Brazil
Gayle Mason,45,Nigeria
Hang Brown,10,Liberia
Darrick Delgado,45,Norway
Marcelo Gross,20,Virgin Islands, U.S.
Broderick Butler,70,French Polynesia
Lino Rhodes,52,Paraguay
Lonny Chambers,20,China
Broderick Henderson,47,Jordan
Hilton Dixon,15,Bangladesh
Kraig Munoz,67,Malta
Winford Harper,25,Monaco
Markus White,16,Tuvalu
Lucius Holt,64,Lebanon
Edward Knight,56,Kuwait
Alline Pratt,40,Armenia
Arlen Bowman,25,Cyprus
Jacquiline Simpson,54,Turkmenistan
Mac Chandler,23,Armenia
Broderick Boyd,30,Turkey
Branda Parker,14,Guyana
Claud Newton,73,Sierra Leone
Milagro Watkins,58,Uruguay
Cleora Romero,17,Ecuador
Donn Fox,14,Netherlands Antilles
Carola Peters,77,Cote d'Ivoire
Lacy Sanchez,25,Serbia
Prince Carlson,60,Eritrea
Melissia Weaver,16,Austria
Fausto Diaz,28,Guatemala
Natashia Shelton,78,Morocco
Kelle Stephens,53,Trinidad and Tobago
Alline Ramos,63,South Africa
Lakiesha Barnes,37,British Indian Ocean Territory (Chagos Archipelago)
Rashad Little,76,Belgium
Ceola Valdez,10,Guyana
Joseph Crawford,12,Heard Island and McDonald Islands
Dwain Simmons,16,Democratic People's Republic of Korea
Cristen Holland,35,Malaysia
Delicia Pearson,47,Gabon
Augustus Mcgee,52,Nepal
Ranae Powell,22,Nicaragua
Sheilah Gonzalez,15,Senegal
Britt Maxwell,10,Taiwan
Silvana Wade,31,Jordan
Jefferey King,78,Tajikistan
Vella Pratt,76,Italy
Liberty Jenkins,46,Israel
Liberty Obrien,45,Niue
Connie Fisher,35,Tajikistan
Noble Black,28,Montserrat
Leigh Tate,51,Venezuela
Martin Berry,22,Bahrain
Felton Knight,25,Central African Republic
Angele Lindsey,67,Albania
Neville Moss,11,Puerto Rico
Rupert Horton,11,Venezuela
Kandis Powell,52,Bangladesh
Usha Newman,32,Cameroon
Waltraud Hansen,36,Nigeria
Fermin Roberts,12,Suriname
Tyron Brock,61,Saint Pierre and Miquelon
Jenice Gilbert,21,Thailand
Louie Ryan,54,Sudan
Natashia Holt,48,Heard Island and McDonald Islands
Aracelis Blake,55,Colombia
Eusebio Bennett,21,Cyprus
Zackary Pratt,53,Sri Lanka
Lezlie Carlson,64,Monaco
Kasie Gibbs,42,Iceland
Brinda Neal,62,Angola
Johna Dixon,32,Poland
Dung Logan,80,Bahamas
Jene Parker,23,Latvia
Mireille Armstrong,44,Cocos (Keeling) Islands
Lacy Morgan,57,Bermuda
Lenard Brown,60,Cocos (Keeling) Islands
Manual Byrd,19,Madagascar
Hedy Garza,31,Timor-Leste
Chong Waters,55,Lesotho
Mana Garner,16,Luxembourg
Kasey Knight,28,Paraguay
Arden Gregory,22,Guernsey
Trinh Morales,75,Burkina Faso
Quintin Ward,76,Samoa
Mel Grant,20,Qatar
Adriene Perez,79,France
Elroy Flowers,68,Martinique
Berneice Jimenez,33,Burundi
Melda Burgess,30,South Georgia and the South Sandwich Islands
Tran Phillips,12,Somalia
Marceline Carlson,28,Turkmenistan
Miguelina Harper,47,Aruba
Bernardine Bates,67,San Marino
Coralee Aguilar,58,Andorra
Toshiko Sims,11,Kuwait
Towanda Gilbert,12,Sao Tome and Principe
Minh Wheeler,13,Venezuela
Tyree George,30,Panama
Janee Murray,14,Czech Republic
Chi Hanson,71,Slovakia (Slovak Republic)
Wally Riley,53,Guyana
Chery Garrett,31,Latvia
Ka Tucker,18,Zimbabwe
Kam Carroll,78,Guatemala
Hilaria Miles,42,Mozambique
Erline Allen,34,Brazil
Karyl Martinez,62,Northern Mariana Islands
Chau Gibbs,51,Liberia
Huey Bates,78,Switzerland
Laquanda Arnold,60,Netherlands Antilles
Janay Ryan,80,Dominica
Becki Perkins,53,Malta
Omer Anderson,47,Malta
Leonore Carlson,59,Barbados
Sanora Luca,64,Senegal
Twanna Hayes,38,Republic of Korea
Stanton Welch,12,Brunei Darussalam
Teodoro Lambert,58,Cambodia
Lynwood Hodges,12,Marshall Islands
Donn Woods,79,Philippines
Jamey Johnston,77,Mauritius
Ezequiel Lane,46,United Kingdom
Haywood Harvey,20,Grenada
Shayne Henderson,59,Antarctica (the territory South of 60 deg S)
Anibal Hunt,63,Iceland
Chang Marshall,52,Iceland
Jae Cannon,43,Saudi Arabia
Hoyt Santiago,34,Andorra
Antonia Hart,39,Bulgaria
Veta Cook,52,Israel
Annalisa Matthews,17,Guernsey
Jolanda Patterson,62,Jamaica
Rhona Hampton,66,Croatia
Thanh Jenkins,23,Chad
Hosea Love,10,Vietnam
Hilton Morgan,21,Pakistan
Magdalen Moore,26,Tonga
Rupert Pierce,35,Ireland
Isa Jenkins,62,Estonia
Roseline Burns,61,Mozambique
Lindsay Carroll,78,Mayotte
Renetta Weber,70,Mauritius
Dorsey Pratt,49,Cyprus
Becki Doyle,68,Guatemala
Julian Phillips,50,Tonga
Lauryn Sharp,64,Mayotte
Rashad Crawford,72,Antarctica (the territory South of 60 deg S)
Lindsay Perkins,38,Suriname
Vincenzo Gilbert,60,Lithuania
Lynwood Ortega,37,Eritrea
Miss Stokes,25,Libyan Arab Jamahiriya
Vella Munoz,71,Fiji
Lory Rodgers,10,Tunisia
Katia Santos,80,Algeria
Hilaria Bowen,33,Rwanda
Yuko Mcbride,58,Nauru
Xochitl French,20,Central African Republic
Chong Ellis,56,Solomon Islands
Hyacinth Moody,38,Saint Helena
Haywood Schwartz,56,Egypt
Demetrius Williams,60,Sweden
Natashia Horton,71,Norfolk Island
Trang Thornton,64,Bahamas
Michale Woods,62,Burkina Faso
Veola Ferguson,55,El Salvador
Aundrea Brooks,65,Sao Tome and Principe
Hilario Little,80,Singapore
Keneth Dean,77,Grenada
Wilber Wood,50,Dominica
Modesto Woods,12,Guernsey
Jefferey Morris,13,Gabon
Danilo Fowler,33,Slovenia
Graig Montgomery,54,Indonesia
Antone Ferguson,44,Benin
Lynetta Schneider,66,Morocco
Jacquiline Pope,47,Liechtenstein
Miss Kelly,75,Iceland
Ozella Romero,60,Australia
Shery Francis,26,Bulgaria
Ariane Alexander,25,Bulgaria
Nathanael Strickland,32,Ghana
Emmitt Murphy,37,Eritrea
Shawnna Hill,58,Saint Pierre and Miquelon
Maia Willis,39,Bahamas
Olen Montgomery,30,United Kingdom
Madlyn Hoffman,55,Saint Helena
Lawanna Benson,44,Iraq
Alishia Patterson,59,Haiti
Reda Turner,14,Honduras
Mendy Castro,77,Eritrea
Rasheeda Cruz,49,Hungary
Delena Palmer,25,Virgin Islands, U.S.
Martin Banks,15,Solomon Islands
Demetrius Todd,65,Brunei Darussalam
Argelia Valdez,79,Azerbaijan
Alec Kennedy,63,Ukraine
Melaine Jennings,65,Ecuador
Danae Gibbs,11,Somalia
Elanor Warren,40,Central African Republic
Daron Allen,80,Falkland Islands (Malvinas)
Miguelina King,36,Falkland Islands (Malvinas)
Ezekiel Kelly,53,New Zealand
Arie Tyler,16,Western Sahara
Elenore Jimenez,61,United Arab Emirates
Ching Henderson,30,Denmark
Oswaldo Morales,42,Samoa
Jacquelyne Gardner,30,Sao Tome and Principe
Fumiko Zimmerman,60,Belarus
Hai Norris,34,Burkina Faso
Sherwood Hayes,72,Nepal
Elenore Herrera,68,Cote d'Ivoire
Gearldine Baker,68,Jersey
Markus Vega,73,Puerto Rico
Lory Haynes,58,Niue
Alec Norris,71,South Africa
Yung Rodriquez,61,Uzbekistan
Herb Edwards,22,Equatorial Guinea
Melvin Nelson,58,Tokelau
Korey Diaz,68,Morocco
Elois Morales,11,Togo
Kaila Graves,62,Sudan
Quinn Gilbert,23,Italy
Omer Norris,76,Falkland Islands (Malvinas)
Karl Roberts,11,Palestinian Territory
Waneta Herrera,66,Netherlands Antilles
Lenard Chapman,16,Norfolk Island
Emmitt Mccarthy,28,Mozambique
Quintin Caldwell,75,Jersey
Verlie Ross,36,Uruguay
Klara Hughes,29,Moldova
Echo Hill,73,Kuwait
Usha Keller,49,Burundi
Richie Rowe,73,Republic of Korea
Jewel Guerrero,19,Indonesia
Norah Webster,17,Myanmar
Teodoro Beck,63,Mexico
Milagro Gutierrez,45,Liberia
Ezekiel Powers,64,Netherlands
Katrice Willis,74,Macedonia
Ceola Ball,55,Tokelau
Martin Richardson,78,Portugal
Janay Jensen,48,Saudi Arabia
Francoise Schneider,44,Kiribati
Ka Bowen,54,Egypt
Dwain Gross,15,United Arab Emirates
Eugene Olson,54,India
Lynwood Hale,74,Barbados
Gino Watts,32,Colombia
Giuseppe Sharp,48,Mauritius
Moshe Sanders,30,Liechtenstein
Yuk Wade,76,Mauritania
Delicia Potter,73,Puerto Rico
Mauro Burgess,54,Germany
Waldo Guzman,70,Panama
Herta Roy,36,Cyprus
Keven Poole,47,Burundi
Patricia Mccoy,80,Pakistan
Tequila Black,29,Swaziland
Arlie Caldwell,19,Virgin Islands, U.S.
Tristan Mccoy,67,Argentina
Lala Glover,49,Gibraltar
Arden Kim,70,Guinea-Bissau
Wilber Mccormick,53,Haiti
Kenton Stevens,75,Macedonia
Karyl Roy,17,Montserrat
Jarod Caldwell,67,Libyan Arab Jamahiriya
Randee Hunter,26,Tokelau
Glennie Keller,54,Saint Pierre and Miquelon
Renato Fields,18,Afghanistan
Tran Neal,53,Djibouti
Filiberto Berry,11,Mauritius
Aleshia Stokes,34,Hong Kong
Adalberto Brown,67,Reunion
Trinidad Fox,22,Saint Martin
Richie Paul,48,Canada
Arlie Rodgers,79,Trinidad and Tobago
Shawnna Kelly,66,Kuwait
Rozella Simpson,67,Lesotho
Chi Fletcher,41,Somalia
Towanda Mason,52,Ecuador
Alonso Fields,47,Singapore
Tyree Francis,18,Belgium
Lyman Horton,51,Comoros
Filiberto Mclaughlin,12,Mongolia
Alfonzo Murphy,45,Belize
Alec Matthews,63,Turkey
Melvin Sherman,20,Kenya
Broderick Manning,62,Somalia
Shawnna Hughes,10,French Guiana
Cordie Jennings,10,Greenland
Exie Garrett,37,Palau
Irish Butler,16,Armenia
Warner Chapman,60,Brunei Darussalam
Sherika Jordan,80,Mayotte
Kasie Schwartz,40,Mexico
Danille Haynes,37,South Georgia and the South Sandwich Islands
Latrisha Obrien,45,Colombia
Claudio Christensen,51,Brazil
Rosario Richards,56,Dominican Republic
Loida Webb,35,Bouvet Island (Bouvetoya)
Dorsey Thomas,24,Paraguay
Dong Santiago,62,Swaziland
Vella Maxwell,69,Ecuador
Meri Santiago,66,Qatar
Michale Garza,31,Timor-Leste
Shad Grant,72,Monaco
Randee Rowe,25,Republic of Korea
Mac Baker,57,Denmark
Alisia Goodwin,59,Seychelles
Jamaal Curry,52,El Salvador
Arminda Gregory,25,Portugal
Doloris Shelton,43,Virgin Islands, British
Julian Manning,38,Estonia
Chauncey Ryan,47,Monaco
Berry Nelson,38,Nigeria
Markus Munoz,48,Bangladesh
Clorinda Richardson,11,Burkina Faso
Devora Webb,11,Belarus
Reynalda Daniel,22,Estonia
Evan Fisher,72,Egypt
Jannet Powell,58,United Arab Emirates
Dannette Fleming,18,Ireland
Brett Peterson,75,Saint Helena
Allen Edwards,53,Panama
Latrisha Lindsey,70,Zimbabwe
Jacquelyne Freeman,65,Bhutan
Jaye Hines,25,Antigua and Barbuda
Bev Ruiz,10,Antigua and Barbuda
Dung Miller,26,Reunion
Florentino Wright,77,Jamaica
Elroy Cobb,66,Portugal
Boyce Wheeler,49,Algeria
Roselle Gardner,80,Senegal
Melissia Welch,66,Malta
Marget Spencer,55,Antarctica (the territory South of 60 deg S)
Claudie Schwartz,62,Austria
Towanda Frazier,15,Bangladesh
Dario Robinson,38,Mali
Donya Turner,46,Cyprus
Jude Freeman,26,Uganda
Tad Buchanan,58,French Polynesia
Mirtha Franklin,75,Azerbaijan
Rochell Burke,61,Hong Kong
Malik Bell,66,French Southern Territories
Diedre Pittman,24,Cote d'Ivoire
Tod Mccormick,55,Tonga
Fumiko Stokes,43,Bangladesh
Kraig Hopkins,38,Saint Martin
Latina Sherman,10,Saint Barthelemy
Willy Steele,70,Ecuador
Sanora Roy,64,Sierra Leone
Hilton Ryan,11,Argentina
Louie Bradley,45,Myanmar
Richie Terry,29,Virgin Islands, British
Elvina Stevenson,49,Barbados
Cordie Carlson,24,Netherlands
Keneth Roberts,31,Peru
Jamaal Coleman,16,United States Minor Outlying Islands
Lindsay Gibson,39,Uganda
Herta Berry,22,Antigua and Barbuda
Jacquie Ruiz,31,India
Criselda Alexander,10,Saint Kitts and Nevis
Cristopher Dennis,55,Malta
Domonique Barnes,69,Vanuatu
Maryalice Houston,36,Liechtenstein
Dong Peterson,18,Mali
Yuri Mccarthy,22,Serbia
Luna Fernandez,41,Solomon Islands
Apryl Gray,62,Republic of Korea
Edison King,16,Taiwan
Elanor Mitchell,52,Uganda
Alonso May,74,Zimbabwe
Cristie Lambert,66,Paraguay
Lynsey Copeland,49,Slovenia
Sheilah Adkins,23,French Polynesia
Faustino Burns,58,Timor-Leste
Jaleesa Robertson,54,Brazil
Shaunda Roberts,55,French Polynesia
Cleora Allen,54,Venezuela
Mirtha Gonzales,69,Palau
Kary Obrien,37,Honduras
Larry Patton,33,Qatar
Pandora Carpenter,75,Oman
Usha West,46,Israel
Eusebio Webster,77,Croatia
Abram Mendez,39,Poland
Grayce Barber,41,El Salvador
Sol Evans,27,Virgin Islands, British
Denese Brewer,49,Palau
Kelle Pratt,33,France
Nathanael Reese,40,Algeria
Jamey Blair,44,Nepal
Natashia Hudson,27,Macedonia
Rayford Martinez,50,India
Omega Conner,77,Guinea
Veola Butler,35,Wallis and Futuna
Keenan Stephens,29,Jamaica
Lupe Kim,30,Cook Islands
Annett Hammond,25,Belgium
Renato Rowe,33,Puerto Rico
Tristan Wright,42,Barbados
Laurice Moreno,11,American Samoa
Ute Sutton,71,Kyrgyz Republic
Jamey Marshall,78,Uruguay
Jonah Cox,59,Mauritania
Miquel Lee,46,Angola
Eugene Morris,42,New Caledonia
Bev Vargas,38,Northern Mariana Islands
Almeta Yates,33,Gabon
Chery Caldwell,67,Russian Federation
Brice Reynolds,63,South Georgia and the South Sandwich Islands
Mignon Turner,42,Cote d'Ivoire
Melissia Logan,46,Portugal
Brinda Watts,56,Philippines
Lenny Lee,18,Western Sahara
Carrol Weber,11,Vietnam
Jesusa Barber,39,Slovakia (Slovak Republic)
Manual Gray,75,Democratic People's Republic of Korea
Claud Clark,22,Singapore
Karl Rios,19,Bolivia
Angelena Boyd,40,Niger
Kip Holmes,66,Sri Lanka
Ezekiel Black,42,Faroe Islands
Hedy Parsons,67,Seychelles
Hilario White,37,French Polynesia
Tesha Hunter,71,Guam
Bud Malone,13,Mauritius
Norah Ray,72,Portugal
Azucena Lindsey,26,Cyprus
Ka Gross,79,Bahamas
Doloris Copeland,32,Italy
Lino Mcbride,30,Italy
Alisia Maldonado,52,San Marino
Johna Fisher,14,Cambodia
Dimple James,31,Ghana
Jc Wells,59,Germany
Troy Gibbs,56,Marshall Islands
Quinn Romero,25,Tokelau
China Hubbard,74,Republic of Korea
Ethelene Sherman,27,Paraguay
Tomi Crawford,56,Morocco
Phylicia Garrett,77,United States Minor Outlying Islands
Phylicia Sanders,42,Sweden
Fermin Vega,68,Fiji
Melvin Baldwin,31,Central African Republic
Shavonne Hart,80,Cote d'Ivoire
Trang Mcdaniel,14,Iceland
Chang Harrison,48,Congo
Claudio Adkins,56,Brunei Darussalam
Domenic Todd,13,Pitcairn Islands
Odis Brown,72,Djibouti
Chau Horton,29,Venezuela
Laronda Nunez,69,Latvia
Tamesha Hale,50,Estonia
Jarred Gregory,29,Marshall Islands
Sanora Hale,72,Solomon Islands
Jerrell Todd,67,Uruguay
Titus Larson,47,French Polynesia
Mignon Buchanan,54,Bahrain
Domenic Scott,74,Malta
Gaylene Farmer,40,Turkey
Stanford Cruz,23,Virgin Islands, British
Arden Mann,43,China
Darron Pena,34,Ghana
Chung Reed,10,Fiji
Veola Reynolds,52,Georgia
Norah Ferguson,70,Togo
Kathe Burns,76,Somalia
Orval Obrien,65,Kiribati
Chau Potter,72,Isle of Man
Harland Holmes,38,Saint Pierre and Miquelon
Pandora Schneider,43,Puerto Rico
Jenice Walsh,30,Austria
Jacinda May,60,Albania
Shenita Powell,77,Guam
Mana Barber,48,Taiwan
Gaylord Salazar,56,Mozambique
Santo Thompson,72,Luxembourg
Gianna Logan,40,Albania
Eusebio Benson,17,Niue
Kimiko Wallace,44,Liberia
Kenton Chandler,49,Hong Kong
Hilaria Porter,76,Vanuatu
Roseline Guzman,17,Lithuania
Maile Little,78,American Samoa
Rosario Curry,37,Kiribati
Ezekiel Hoffman,40,Madagascar
Toshiko Castillo,72,Kuwait
Arletha Ray,79,Mali
Richie Dawson,37,Puerto Rico
Whitney Swanson,16,Hong Kong
Yuri Goodwin,19,Democratic People's Republic of Korea
Mignon Hill,65,Turkey
Cleora Guerrero,70,Jersey
Kraig Jensen,64,Liechtenstein
Jacinto Kennedy,36,Swaziland
Blossom Moody,39,Afghanistan
Tod Nunez,16,Cyprus
Maybell Robbins,12,Antigua and Barbuda
Jarod Jones,66,American Samoa
Norah Davis,11,Japan
Amado Colon,61,Sudan
Francoise Diaz,24,Brazil
Olen Hill,47,Romania
Anibal Simmons,57,Saudi Arabia
Arie Sherman,12,Faroe Islands
Renato Mason,25,United Arab Emirates
Laronda Taylor,20,Suriname
Theo Gregory,29,Bouvet Island (Bouvetoya)
Mohamed Douglas,59,Guam
Hayden Morales,21,Liechtenstein
Sherwood Kim,48,Reunion
Tamisha Stevenson,35,Czech Republic
Francie Collins,63,Iraq
Alfonzo Tyler,55,Germany
Lonny Love,46,Puerto Rico
Raleigh Lane,41,Iraq
Shirleen James,43,Holy See (Vatican City State)
Tyrell Gutierrez,32,Armenia
Shery Mendez,65,Equatorial Guinea
Kristel Hall,40,Jordan
Judson Robbins,39,Finland
Joseph Moss,15,China
Dewitt Guerrero,10,British Indian Ocean Territory (Chagos Archipelago)
Cortez Hampton,15,Saint Helena
Narcisa Cross,26,Dominican Republic
Donya Watts,75,Mayotte
Patria Stokes,52,Reunion
Aleshia Foster,58,Lebanon
Ambrose Horton,13,Costa Rica
Elanor Mendoza,43,Cook Islands
Sherwood Griffin,38,Somalia
Laronda Roberts,32,Turks and Caicos Islands
Daniell Wallace,11,New Zealand
Dionna Mendoza,64,Pakistan
Filiberto Soto,67,Dominica
Annalee Banks,50,Netherlands
Nicky Carr,73,Georgia
Amberly Tucker,17,United States Minor Outlying Islands
Antone Hopkins,21,Belgium
Judson Washington,31,Angola
Quinn Edwards,72,Saint Helena
Chang Griffith,43,Seychelles
Gaynelle Young,14,Palau
Samira Rose,66,Antarctica (the territory South of 60 deg S)
Felton Watson,22,Norway
Jona Stone,37,China
Man Logan,46,Romania
Fumiko Bennett,48,Cape Verde
Claudio Owens,57,Martinique
Magdalen Jones,40,Denmark
Colton Murray,63,Hong Kong
Brett Lewis,19,Andorra
Man Simon,30,Israel
Rosario Gonzalez,48,Syrian Arab Republic
Shawnna Ortiz,34,Somalia
Claudio Leonard,10,Zimbabwe
Walter Harmon,72,Palestinian Territory
Hai Strickland,78,Syrian Arab Republic
Eusebio Moreno,40,Liechtenstein
Ka Copeland,45,Iceland
Man Reese,73,South Africa
Marinda Hodges,79,Guyana
Demetrice Webb,10,Faroe Islands
Gertude Myers,37,United States Minor Outlying Islands
Willy Daniels,43,Chad
Kelley Mullins,76,Kenya
Zachariah Butler,30,Haiti
Judson Garcia,52,Saint Lucia
Ambrose Hamilton,78,Indonesia
Jeanmarie Hayes,74,Falkland Islands (Malvinas)
Jaye Stevenson,32,Bermuda
Evan Walsh,27,Lao People's Democratic Republic
Troy Todd,65,Austria
Gaynelle Farmer,54,Azerbaijan
Penni Owens,77,Republic of Korea
Shawnna Haynes,63,Nepal
Kasey Roy,35,Madagascar
Len Crawford,40,Faroe Islands
Arlen Bowen,43,Turkey
Reyes Bell,52,Egypt
Mika Walton,22,Niger
Mathilde Holmes,49,Saint Martin
Jae Greer,46,Armenia
Ching Webster,68,Netherlands Antilles
Mohamed Walters,62,Guernsey
Werner Ray,71,Seychelles
Kory Sanders,31,New Zealand
Kathe Delgado,16,Democratic People's Republic of Korea
Sid Wolfe,21,Algeria
Dimple Thornton,58,Sri Lanka
Loris Fields,69,Uzbekistan
Shenita Maldonado,10,Albania
Verlie Copeland,38,Honduras
Tobias Freeman,30,Honduras
Rico Romero,18,Bahamas
Klara Stevens,26,Czech Republic
Titus Parker,21,Italy
Rupert Jordan,26,Greece
Shon Santos,57,Saint Martin
Chas Vaughn,54,Vanuatu
Yolando Rowe,59,French Southern Territories
Cher Higgins,18,Nauru
Odis Wells,46,Slovakia (Slovak Republic)
Hanh Waters,49,Saudi Arabia
Darby Aguilar,14,Armenia
Miquel Murray,22,Portugal
Kary Harrison,17,Brazil
Emerald George,28,Eritrea
Mendy Sims,60,Palau
Palmer Reid,40,Seychelles
Lonny Dawson,78,Egypt
Eldridge Jordan,10,Tokelau
Gertude Hayes,11,Finland
Eldridge Carpenter,57,Nepal
Brinda Rodriguez,47,Afghanistan
Veta Jenkins,71,Austria
Thanh Terry,13,Saint Lucia
Alec Swanson,44,Brunei Darussalam
Trinh Moran,72,Argentina
Chet Mccormick,50,Liechtenstein
Blythe Kelly,24,Marshall Islands
Xochitl Norris,22,Djibouti
Fumiko Gilbert,31,Iceland
Cortez Colon,31,Bahamas
Darby Dunn,73,Vietnam
Latina Moreno,13,Aruba
Lizzette Lewis,79,New Caledonia
Bethann Evans,69,Norway
Miquel Murray,62,Guatemala
Elanor Romero,14,Gibraltar
Renato Mccormick,54,Aruba
Diedre Chambers,22,Turkmenistan
Dario Warren,29,Svalbard & Jan Mayen Islands
Brice Coleman,12,Lesotho
Branda Jennings,68,Malaysia
Harland Sims,44,Chad
Britta Jenkins,35,Tajikistan
Dyan Miller,54,Timor-Leste
Svetlana Hanson,80,Albania
Cedrick Willis,65,Tuvalu
Lynsey Silva,59,Cayman Islands
Pandora Carroll,55,Algeria
Hilton Evans,34,Pitcairn Islands
Gaston Erickson,56,Northern Mariana Islands
Hildegarde Jordan,63,Tanzania
Dung Riley,46,Brunei Darussalam
Tomi Payne,73,Estonia
Kimbery Terry,29,Uganda
Rudolf Owens,28,Haiti
Brice Ray,40,Tuvalu
Garfield Shelton,76,Tuvalu
Herb Newman,18,Indonesia
Raylene Goodwin,48,Poland
Aundrea Garner,30,Madagascar
Samira Burns,74,Martinique
Long Lindsey,54,Ghana
Felton Hunter,11,Cote d'Ivoire
Yukiko Carlson,11,Poland
Tristan Webb,34,Turkmenistan
Jamison Lopez,57,Christmas Island
Laurice Pierce,11,Cocos (Keeling) Islands
Madlyn Santiago,55,Guinea
Enoch Rhodes,27,Grenada
Yuk Curry,59,Chile
Raymond Knight,30,United States Minor Outlying Islands
Aleshia Murray,56,Angola
Leighann Willis,39,Angola
Waldo Aguilar,69,Kuwait
Nathanael Fisher,50,Isle of Man
Lindsay Myers,80,Cote d'Ivoire
Melvin Vaughn,53,Pitcairn Islands
Lucius Medina,76,Mayotte
Keneth Hunter,68,Serbia
Cristobal Morris,48,South Georgia and the South Sandwich Islands
Tomi Osborne,75,Syrian Arab Republic
